,name
0,ABRAMOVA ANZHELIKA
1,ADEL VORONOV
2,ADELINA CHERNAIA
3,ADELINA FOMICHEVA
4,AFANAS'EVA ZARINA
5,AGAFONOV EGOR
6,AGEEV RODION
7,AKIMOV ARTEMIY
8,AKIMOVA MARIYA
9,AKSENOV NIKITA
10,ALBINA SAKHAROVA
11,ALEKSANDR ANTONOV
12,ALEKSEEVA DIANA
13,ALESHIN GLEB
14,ALIIA KORNEEVA
15,ALINA KOLESNIKOVA
16,ALLA KORNEEVA
17,AMALIIA DOBRYNINA
18,AMIR GAVRILOV
19,AMIR KASATKIN
20,AMIR KUPRIIANOV
21,ANANEV KONSTANTIN
22,ANATOLII ERMILOV
23,ANATOLII KASIANOV
24,ANDREI KUDRIAVTSEV
25,ANISIMOV LEONID
26,ANNA MEDVEDEVA
27,ANTON MATVEEV
28,ANTONINA DROZDOVA
29,ANTONINA VOLKOVA
30,ANZHELIKA BEZRUKOVA
31,ARINA KHARITONOVA
32,ARTUR BIRYUKOV
33,ASTAF'EVA ANTONINA
34,ASTAF'EVA OXANA
35,ASTAKHOVA ARIANA
36,AVDEEV MIRON
37,BARSUKOVA TAMARA
38,BASOVA MADINA
39,BELIAEV SAVVA
40,BELIKOVA MILENA
41,BELOUSOV SAVVA
42,BELOUSOVA ELIZAVETA
43,BESSONOV VSEVOLOD
44,BLINOVA MARGARITA
45,BOCHAROV BOGDAN
46,BOCHAROVA ARIANA
47,BOL'SHAKOVA SAMIRA
48,BOLDYREV IGNAT
49,BONDAREVA ALINA
50,BORIS ASTAKHOV
51,BUROVA OXANA
52,BYKOVA EL'MIRA
53,BYKOVA VIKTORIYA
54,CHEBOTAREVA ALISA
55,CHERKASOVA LILIIA
56,CHERNIAEVA ARINA
57,CHERNOV GLEB
58,CHERNYKH BOGDAN
59,CHERNYSHEVA VERA
60,D'YAKONOV VALERIY
61,D'YAKOVA LIANA
62,DANIIL KARASEV
63,DANIIL KULAGIN
64,DARIA KOLESNIKOVA
65,DARINA MEDVEDEVA
66,DAVYDOV IVAN
67,DAVYDOVA VASILISA
68,DAVYDOVA VIKTORIYA
69,DEM'YANOVA ALENA
70,DEMENT'EV RODION
71,DEMIN RAMIL'
72,DENISOVA ALIIA
73,DIANA RUSAKOVA
74,DMITRIEV TIMOFEY
75,DOBRYNIN VSEVOLOD
76,DOBRYNINA ARINA
77,DOROFEEVA MAYYA
78,DRUZHININ SERGEY
79,DUBININA TAT'YANA
80,DUBOVA KAMILLA
81,EFREMOVA ELENA
82,EGOROV FEDOR
83,ELINA KRASNOVA
84,ELISEEVA YANA
85,ELMIRA DEGTIAREVA
86,EMIL KONOVALOV
87,EMILIIA KRASNOVA
88,EMILIYA NOSOVA
89,EREMIN VASILIY
90,EREMINA VALENTINA
91,ERMILOV RAMIL'
92,ERMOLOV GLEB
93,ERMOLOV PAVEL
94,EROFEEV RUSLAN
95,EROFEEV YAROMIR
96,EROFEEVA NELLI
97,ERSHOV OLEG
98,ERSHOV ZAKHAR
99,ERSHOVA MAYYA
100,EVDOKIMOVA ADELINA
101,EVELINA KASATKINA
102,EVGENII KIRILLOV
103,EVSEEVA SOF'YA
104,FADEEV LEV
105,FEDOSOV RAMIL
106,FILATOV DAVID
107,FILIMONOV LEV
108,FIRSOVA VIKTORIYA
109,FOMICHEV EDUARD
110,FROLOVA EVA
111,FROLOVA VIOLETTA
112,GALKIN DANIIL
113,GALKIN VLADIMIR
114,GERMAN SEROV
115,GLADKOV RINAT
116,GLADKOVA SVETLANA
117,GLEBOV DAVID
118,GLUKHOV RODION
119,GOLIKOV ANTON
120,GOLOVINA OLESYA
121,GORBUNOV VSEVOLOD
122,GORDEI TROFIMOV
123,GORDEY NEKRASOV
124,GORELOVA ALISA
125,GORLOV DAMIR
126,GORLOVA VASILISA
127,GORYACHEVA LIDIYA
128,GRIBOVA YAROSLAVA
129,GRIGORIY GLUKHOV
130,GRISHINA XENIYA
131,GULYAEVA ELINA
132,GULYAEVA NADEZHDA
133,GUROVA ANASTASIYA
134,IAROMIR KNIAZEV
135,IGOR POLIKARPOV
136,IL'IN STANISLAV
137,IL'IN VADIM
138,ILINA TATIANA
139,INNA GOLOVINA
140,INNA GORBUNOVA
141,INNA SHCHUKINA
142,IRINA GRIBOVA
143,ISAEVA KARINA
144,ISAKOV VLAD
145,IULIANA CHERNYKH
146,IURII GLEBOV
147,IVAN ROZHKOV
148,IVANOV DEMID
149,IVANOVA UL'YANA
150,IZMAYLOV MARSEL'
151,KALASHNIKOV MIRON
152,KALASHNIKOVA ELINA
153,KAPUSTINA REGINA
154,KARASEVA OLESYA
155,KARINA BOGOMOLOVA
156,KAROLINA CHERNYSHEVA
157,KAROLINA MININA
158,KARPOV EMIL'
159,KARTASHOV MARK
160,KARTASHOVA MILANA
161,KASATKINA LIUBOV
162,KHARITONOVA VERONIKA
163,KHROMOV ARTUR
164,KHROMOV RUSLAN
165,KHUDIAKOV DAMIR
166,KIRA ABRAMOVA
167,KIRILL AKIMOV
168,KIRILL EROFEEV
169,KIRILL GROMOV
170,KIRILLOVA ALISA
171,KISELEVA VASILISA
172,KLIMOVA ALENA
173,KLIMOVA GALINA
174,KNYAZEVA SOFIYA
175,KOCHETKOV IGNAT
176,KOLOSOVA VLADA
177,KOMISSAROV DENIS
178,KOMISSAROV SAVELIY
179,KONDRAT'EV EMIL'
180,KONDRATOV TIMOFEI
181,KONONOVA UL'YANA
182,KONOVALOVA AMELIYA
183,KONSTANTIN BOGOMOLOV
184,KONSTANTINOV BORIS
185,KONSTANTINOV IL'YA
186,KOPYLOVA NELLI
187,KOPYLOVA SOFIA
188,KORNEEV STANISLAV
189,KORNEEVA ALLA
190,KORNEEVA NADEZHDA
191,KOROLKOV TIKHON
192,KORSHUNOVA EVA
193,KOSAREVA INNA
194,KOSHELEV TIMUR
195,KOSTINA KIRA
196,KOSTINA VERA
197,KOVALEV SAMIR
198,KOVALEVA TAMARA
199,KOZLOVA ELIZAVETA
200,KOZLOVSKAYA ANGELINA
201,KOZYREV VALERII
202,KRASNOV IURII
203,KRYUCHKOV DANILA
204,KUDRYAVTSEV ARTUR
205,KULAGINA ANNA
206,KULAGINA EVA
207,KULAGINA KIRA
208,KULAKOVA VALERIYA
209,KUPRIYANOVA SOFIYA
210,KUROCHKIN ALEXEY
211,KUZ'MIN ROBERT
212,KUZINA AMINA
213,KUZNETSOV GEORGIY
214,LAPINA INNA
215,LAPTEV ANDREY
216,LAPTEV ZAKHAR
217,LARIN ARSEN
218,LARIONOVA LIANA
219,LATYSHEV VASILIY
220,LAVRENT'EV IL'YA
221,LAVROV MAKSIM
222,LAVROVA AMELIYA
223,LAZAREVA AMALIYA
224,LEBEDEVA TAISIYA
225,LEONOV TIKHON
226,LEONOVA INNA
227,LEONOVA VLADISLAVA
228,LEONT'EVA ELIZAVETA
229,LILIIA SAVINA
230,LOSEVA MARIIA
231,LUK'YANOVA LIDIYA
232,LVOV RADMIR
233,MADINA ISAEVA
234,MAKEEVA ANTONINA
235,MAL'TSEVA SNEZHANA
236,MAL'TSEVA TAMARA
237,MALININ SEMEN
238,MALININA KAMILLA
239,MALYSHEV MIRON
240,MARIIA GONCHAROVA
241,MARK KOMISSAROV
242,MARKOV DANIIL
243,MARSEL IVANOV
244,MASLENNIKOVA ELENA
245,MASLOV LEONID
246,MATVEEV IL'YA
247,MAYOROVA KRISTINA
248,MAYYA ERSHOVA
249,MAYYA R KRAVTSOVA
250,MELANIIA CHEBOTAREVA
251,MERKULOV IGNAT
252,MESHKOV RODION
253,MIKHAIL BELKIN
254,MIKHAYLOVA UL'YANA
255,MILANA GOLOVANOVA
256,MILENA ARTEMOVA
257,MILENA GOLOVANOVA
258,MILENA SOTNIKOVA
259,MINAEVA ALENA
260,MINAEVA OL'GA
261,MININA TAMARA
262,MIRON KUZNETSOV
263,MIRONOV PETR
264,MIROSLAVA GREKOVA
265,MIROSLAVA PANINA
266,MOLCHANOV EGOR
267,MURAV'EVA TAISIYA
268,NAUMOVA EMILIYA
269,NAZAR KOZIN
270,NAZAR TROSHIN
271,NEKRASOV RUSTAM
272,NELLI KOVALEVA
273,NIKA KARTASHOVA
274,NIKIFOROVA ALIIA
275,NIKITINA EVELINA
276,NIKOL'SKIY ANATOLIY
277,NIKOLAEVA VASILISA
278,NIKOLAI MELNIKOV
279,NIKOLAY POLIKARPOV
280,NIKONOVA ALEXANDRA
281,NIKULIN IVAN
282,NIKULINA YANA
283,NIKULINA YULIANA
284,NOSOV EMIL'
285,ODINTCOVA OLESIA
286,OKULOV STEPAN
287,OLEG RODIN
288,OLEG VORONIN
289,OVSYANNIKOVA YANA
290,OZEROV STANISLAV
291,OZEROVA MAR'YANA
292,PANFILOVA IASMINA
293,PANINA NADEZHDA
294,PANKOV LEV
295,PARAMONOV ROMAN
296,PETR GRISHIN
297,PETROV LEV
298,PETROVA ANZHELIKA
299,PETROVSKAYA EVA
300,PETROVSKAYA VALERIYA
301,PETUKHOV ANATOLIY
302,PIMENOVA EL'VIRA
303,PIMENOVA MARIYA
304,PIROGOVA LARISA
305,PLATON GOLOVANOV
306,POLIKARPOV ANTON
307,POLINA POPOVA
308,POLYAKOV YAROSLAV
309,POLYAKOVA VITALINA
310,PONOMAREV ARTEMII
311,PONOMAREV ARTEMIY
312,PONOMAREVA KARINA
313,POSTNIKOVA MILENA
314,POTAPOV SAVELIY
315,POZDNYAKOVA NATALIYA
316,PROKHOROV ILDAR
317,PROKHOROV PLATON
318,PROKOF'EV FEDOR
319,PROKOF'EVA OXANA
320,PUGACHEVA ANTONINA
321,PUGACHEVA KAMILLA
322,RADMIR SHAPOVALOV
323,RAMIL KHARITONOV
324,REGINA IAKOVLEVA
325,RINAT ROZANOV
326,ROBERT LEONTEV
327,ROBERT ZAV'YALOV
328,RODION CHIZHOV
329,RODION KAZANTSEV
330,ROMAN DROZDOV
331,ROZANOVA LIDIYA
332,RUMYANTSEVA AL'BINA
333,RUSANOV IGNAT
334,RYABININ EDUARD
335,RYABOVA YASMINA
336,RYBAKOV ARTUR
337,RYZHOVA NATASHA
338,SABINA GORELOVA
339,SAFONOVA ARINA
340,SAMIR SURKOV
341,SAVEL'EVA ANZHELIKA
342,SAVELEV GLEB
343,SAVIN ROBERT
344,SAVINA EMILIYA
345,SAVVA POSTNIKOV
346,SAVVA SHIROKOV
347,SELIVANOVA DIANA
348,SEMEN LEONT'EV
349,SEVAST'YANOV LEONID
350,SHAPOSHNIKOV MARSEL'
351,SHAPOSHNIKOVA LYUBOV'
352,SHAPOSHNIKOVA VITALINA
353,SHAPOVALOV RAMIL'
354,SHAPOVALOVA KAMILLA
355,SHAROVA ANASTASIYA
356,SHCHUKINA SOF'YA
357,SHESTAKOV ARTEMII
358,SHILOV MATVEY
359,SHIROKOVA EKATERINA
360,SHUVALOVA ANNA
361,SHVETCOVA ELVIRA
362,SHVETSOV SVYATOSLAV
363,SIDOROVA LILIIA
364,SIMONOVA KRISTINA
365,SINITSYN MIRON
366,SINITSYNA NATALIYA
367,SITNIKOV ODISSEI
368,SIZOVA ZARINA
369,SKVORTCOV MAKAR
370,SMIRNOVA EL'VIRA
371,SNEZHANA MOISEEVA
372,SOBOLEV DANIIL
373,SOBOLEV EDUARD
374,SOMOVA DARINA
375,STARIKOVA LILIIA
376,STEFANIIA PAKHOMOVA
377,SUDAKOVA VLADA
378,SUKHAREVA KARINA
379,SUKHOVA NINA
380,SURKOVA VERONIKA
381,SUSLOV VLADIMIR
382,SUVOROVA MILANA
383,SVIRIDOV YAROMIR
384,TIKHOMIROVA ALIYA
385,TIKHON KIREEV
386,TIMOFEEVA KAMILLA
387,TIMOFEY R VOLOSHIN
388,TOKAREV RINAT
389,TRET'YAKOVA ALENA
390,TRIFONOV DANIL
391,TRIFONOV ELISEY
392,TRIFONOV ILIA
393,TRIFONOVA SABINA
394,TSAREV NIKOLAY
395,TSAREVA ALEXANDRA
396,TSVETKOV AMIR
397,TUMANOVA VERONIKA
398,USHAKOV VLAD
399,USPENSKAYA TAMARA
400,UTKINA LIUBOV
401,VADIM KOCHETOV
402,VADIM KOPYLOV
403,VALENTINA NIKULINA
404,VALERII EVDOKIMOV
405,VASIL'EV MIKHAIL
406,VASIL'EVA OLESYA
407,VASILII CHERNOV
408,VASILIY GOROKHOV
409,VAVILOVA DARINA
410,VESHNIAKOVA ZLATA
411,VESHNYAKOV AL'BERT
412,VESHNYAKOV DMITRIY
413,VESHNYAKOVA OXANA
414,VIKTOR KOPYLOV
415,VIOLETTA KOCHERGINA
416,VLAD PIROGOV
417,VLADA KALMYKOVA
418,VOLKOV ALEXEY
419,VOLKOVA LILIYA
420,VOLOSHINA ARIANA
421,VOROB'EV VLADISLAV
422,VORONIN NIKITA
423,VORONINA ANASTASIIA
424,VORONKOV SAMIR
425,VORONKOVA IRINA
426,VORONOVA ALISA
427,VSEVOLOD SEMENOV
428,YAKOVLEV DENIS
429,YUDIN FEDOR
430,YUDIN TIKHON
431,YULIYA BOGOMOLOVA
432,YULIYA SHAROVA
433,ZAKHAROVA ALLA
434,ZAV'YALOV DANIL
435,ZAV'YALOV DAVID
436,ZELENINA AGATA
437,ZHDANOVA NATALIYA
438,ZHDANOVA UL'YANA
439,ZHILIN IL'YA
440,ZHURAVLEV STANISLAV
441,ZLATA LAVROVA
442,ZOTOV GERMAN
443,ZUBOVA ALISA
444,ZUBOVA LIUDMILA
445,ZUEV ALEKSEY
446,ZUEVA MILENA
447,ZVEREV LEONID
448,ZVEREVA TAT'YANA
